Sentence;Sentiment
"I absolutely loved the new movie; it was fantastic!";Positive
"The customer service was excellent; they were so helpful and friendly.";Positive
"This is the best product I've ever used; highly recommended!";Positive
"I’m so happy with my recent purchase; it exceeded my expectations.";Positive
The event was incredibly well-organized and enjoyable.;Positive
"I’m thrilled with the results of my project; everything turned out perfect.";Positive
"The food at the restaurant was delicious; I can’t wait to go back.";Positive
"My new job is everything I hoped for; I’m so excited!";Positive
"The weather today is just perfect; I'm feeling so refreshed.";Positive
I received a promotion at work, and I’m over the moon about it!;Positive
"My weekend hike was refreshing; the scenery was breathtaking.";Positive
"The new feature in the app is a game-changer; it’s so useful.";Positive
"I’m very pleased with how my presentation went; everyone was impressed.";Positive
"The new house feels like a dream come true; I’m so happy.";Positive
"The concert was a lot of fun; I had a great time with my friends.";Positive
"I’m really enjoying my new hobby; it’s so relaxing.";Positive
"The community event was a huge success; everyone had a great time.";Positive
"My daughter’s school play was adorable; she did such a great job!";Positive
"The latest book I read was a page-turner; I couldn’t put it down.";Positive
My workout this morning left me feeling energized and strong.;Positive
"I’m so pleased with how my garden is looking this year; the flowers are beautiful.";Positive
"The new coffee shop in town has the best cappuccinos; I’ll be back for sure.";Positive
"I’m thrilled to have completed the marathon; it was a huge accomplishment for me.";Positive
"The team’s performance in the game was exceptional; they played their hearts out.";Positive
"I’m very happy with how the renovation turned out; the house looks amazing.";Positive
"My vacation was exactly what I needed; so relaxing and fun.";Positive
"The art gallery had an inspiring collection; I left feeling very inspired.";Positive
The online course I took was very informative and helpful.;Positive
"I’m so proud of my friend for achieving their goal; they worked so hard.";Positive
"The birthday party was a blast; everyone had such a good time.";Positive
I’m really impressed with the quality of this new product.;Positive
"My car’s new feature makes driving so much easier; it’s fantastic.";Positive
"The weekend getaway was perfect; I feel so refreshed.";Positive
"I’m very happy with how my baking turned out; the cookies are delicious.";Positive
"The movie was a huge disappointment; I wouldn't recommend it.";Negative
"The customer service was terrible; they were rude and unhelpful.";Negative
"This product is awful; it broke after just one use.";Negative
"I’m very unhappy with my purchase; it didn’t meet any of my expectations.";Negative
"The event was poorly organized; everything was chaotic.";Negative
"My project results were disastrous; nothing went according to plan.";Negative
"The food at the restaurant was awful; I won’t be going back.";Negative
"My new job is not what I was promised; I’m very frustrated.";Negative
"The weather today is dreadful; it ruined my plans.";Negative
"I missed my flight due to the airport’s disorganization; it was so stressful.";Negative
"My weekend was ruined by car troubles; it was such a hassle.";Negative
"The new software update made everything worse; it’s full of bugs.";Negative
I’m disappointed with the lack of support from the tech team.;Negative
"The new apartment has too many issues; I regret moving here.";Negative
"The product’s quality does not match its price; I feel cheated.";Negative
My online order arrived damaged, and I’m very upset.;Negative
"The noise from the construction outside is unbearable; I can’t focus.";Negative
"I had a terrible experience at the hotel; the service was awful.";Negative
"The book I read was boring; I struggled to finish it.";Negative
"I’m unhappy with the outcome of the meeting; it didn’t go as planned.";Negative
"The restaurant’s service was slow and the food was cold; I won’t be returning.";Negative
"The game was frustrating; it had too many glitches.";Negative
My flight was delayed for hours, and there was no communication from the airline.;Negative
"The home delivery service was disappointing; the items were not as described.";Negative
"The concert was a letdown; the sound quality was terrible.";Negative
"The software keeps crashing, and I’m losing my work; it’s very frustrating.";Negative
"The customer support was unhelpful; they couldn’t solve my problem.";Negative
"The commute today was terrible; there were delays everywhere.";Negative
My vacation was ruined by bad weather and poor planning.;Negative
"The app is confusing and difficult to use; I’m very frustrated.";Negative
"The hotel room was dirty and uncomfortable; I couldn’t sleep.";Negative
"The food I ordered was cold and tasteless; I’m not happy.";Negative
The project deadline was missed due to poor communication from the team.;Negative
"The movie was okay; nothing special, but not bad either.";Neutral
"The customer service was adequate; they did their job.";Neutral
"This product is functional; it does what it’s supposed to do.";Neutral
"I’m content with my purchase; it’s what I expected.";Neutral
"The event went as planned; nothing out of the ordinary happened.";Neutral
"My project results were average; there were no major surprises.";Neutral
"The food at the restaurant was fine; not great, but not terrible either.";Neutral
"My new job is what I expected; no major issues or surprises.";Neutral
The weather today is normal for this time of year.;Neutral
I missed the bus today, but the next one arrived on time.;Neutral
My weekend was mostly uneventful, just the usual errands and chores.;Neutral
"The software update didn’t change much; it still works the same.";Neutral
"The service at the store was fine; they helped me find what I needed.";Neutral
"The apartment is okay; it’s not perfect, but it meets my needs.";Neutral
"The product performs as advertised; no complaints.";Neutral
My package arrived on time, but there was nothing special about the service.;Neutral
"The traffic was typical for this time of day; nothing unusual.";Neutral
"The hotel was decent; it had all the basic amenities.";Neutral
"The book was fine; it wasn’t particularly memorable, but it was a decent read.";Neutral
The meeting was productive, but nothing groundbreaking was discussed.;Neutral
The restaurant was busy, but the service was acceptable.;Neutral
"The game was okay; I didn’t love it, but I didn’t hate it either.";Neutral
My flight was on time, and the journey was smooth.;Neutral
The home delivery was on schedule, and the items were as expected.;Neutral
"The concert was alright; it met my expectations.";Neutral
The software works well enough, but it’s not very intuitive.;Neutral
"The customer support was fine; they resolved my issue eventually.";Neutral
"The commute today was average; no major delays.";Neutral
"My vacation was decent; nothing went wrong, but nothing stood out either.";Neutral
The app functions as expected, but it’s not particularly user-friendly.;Neutral
"The hotel was satisfactory; it served its purpose.";Neutral
The food was okay, but it didn’t really stand out.;Neutral
The project was completed on time, but the results were just average.;Neutral
The new bakery in town makes the best pastries I’ve ever tasted.;Positive
I received a compliment on my presentation today, and it made my day.;Positive
My dog learned a new trick, and I’m so proud of her.;Positive
"The garden is blooming beautifully this season; the flowers are vibrant.";Positive
I finally finished reading that book, and it was worth every page.;Positive
"The new video game is incredibly engaging; I lost track of time while playing.";Positive
"My friend surprised me with a thoughtful gift; it was so sweet of them.";Positive
"I had a really productive day at work today; I accomplished everything on my list.";Positive
The sunset over the lake was absolutely breathtaking.;Positive
I had a great time catching up with an old friend over coffee.;Positive
"The concert last night was a blast; the band played all my favorite songs.";Positive
"I’m really happy with how my latest DIY project turned out; it looks great.";Positive
The weekend trip to the countryside was peaceful and refreshing.;Positive
My team won the match, and I couldn’t be more thrilled!;Positive
"The new recipe I tried turned out delicious; my family loved it.";Positive
I finally got around to organizing my closet, and it feels so much better.;Positive
The workout was tough, but I feel fantastic afterward.;Positive
"I’m really excited about the upcoming holiday; I’ve been looking forward to it all year.";Positive
"The artwork at the exhibition was inspiring; I’m so glad I went.";Positive
I received an unexpected bonus at work, and it really made my day.;Positive
"The neighborhood barbecue was fun; everyone brought delicious food.";Positive
I got a promotion at work, and I’m so proud of myself.;Positive
The new restaurant I tried had excellent service and amazing food.;Positive
I found a great deal on the shoes I’ve been wanting for months.;Positive
The weather was perfect for a walk in the park today.;Positive
"I had a wonderful time at the family reunion; it was great to see everyone.";Positive
"The concert was unforgettable; the energy in the crowd was amazing.";Positive
I’m really happy with the way my new haircut turned out.;Positive
I finally completed my certification, and it feels like a huge achievement.;Positive
"The coffee shop I visited had the friendliest staff; I’ll definitely go back.";Positive
My team finished the project ahead of schedule, and the client was very pleased.;Positive
"The new coffee maker I bought is fantastic; it makes the perfect cup every time.";Positive
I spent the afternoon gardening, and it was so relaxing.;Positive
I found the perfect gift for my friend’s birthday, and I’m excited to give it to them.;Positive
"The movie was a huge disappointment; the plot made no sense.";Negative
"My laptop crashed, and I lost all my work; I’m so frustrated.";Negative
"The traffic was horrendous this morning; it made me late for work.";Negative
"The new restaurant was a letdown; the food was bland and overpriced.";Negative
I had an argument with a coworker today, and it really upset me.;Negative
"The weather ruined our plans for a picnic; it rained all day.";Negative
My phone battery died just as I needed to make an important call.;Negative
"The concert was disappointing; the sound quality was terrible.";Negative
I received a package that was damaged, and now I have to go through the hassle of returning it.;Negative
"The book I’ve been reading was not as good as I expected; it was quite boring.";Negative
I missed the bus this morning and had to wait an extra hour for the next one.;Negative
"The customer service was terrible; they didn’t help me at all with my issue.";Negative
"I’ve been feeling under the weather all day; I just want to go home and rest.";Negative
The flight was delayed for hours, and we didn’t get any updates.;Negative
"The new software is full of bugs; it’s been causing so many problems at work.";Negative
I was overcharged at the grocery store, and now I have to go back to sort it out.;Negative
"The presentation didn’t go as planned; I stumbled over my words and forgot key points.";Negative
The traffic was so bad that it took me twice as long to get home.;Negative
"The hotel room was not clean; I had to request housekeeping to come again.";Negative
"The new policy at work is very frustrating; it makes our jobs much harder.";Negative
I had to wait in line for over an hour at the DMV, and it was exhausting.;Negative
The Wi-Fi at home keeps cutting out, and I can’t get any work done.;Negative
The car broke down on the way to the meeting, and I was stranded for hours.;Negative
"The meal I ordered online arrived cold and soggy; it was inedible.";Negative
My favorite TV show was canceled, and I’m really disappointed.;Negative
"The meeting was unproductive; we didn’t accomplish anything.";Negative
"The new product I bought doesn’t work as advertised; I want a refund.";Negative
The neighbor’s dog barked all night, and I couldn’t get any sleep.;Negative
I accidentally dropped my phone, and now the screen is cracked.;Negative
The gym was overcrowded, and I couldn’t get on any of the equipment.;Negative
The coffee shop got my order wrong, and I didn’t realize until I got home.;Negative
The power went out in the middle of cooking dinner, and I had to throw everything away.;Negative
"I spilled coffee on my shirt right before an important meeting; it was so embarrassing.";Negative
"The movie was okay; it wasn’t great, but it wasn’t terrible either.";Neutral
"I had a pretty standard day at work; nothing exciting happened.";Neutral
"The restaurant was fine; the food was decent, and the service was average.";Neutral
"My commute to work was typical today; no major delays or issues.";Neutral
"The weather was average; not too hot, not too cold.";Neutral
"I ran some errands today; it was a pretty uneventful afternoon.";Neutral
"The new app is functional; it does what it’s supposed to do, but nothing more.";Neutral
"I had a sandwich for lunch; it was just okay, nothing special.";Neutral
"The meeting was routine; we covered the usual topics and wrapped up on time.";Neutral
My car started making a noise, but it’s still running fine for now.;Neutral
"I spent the evening reading; the book was neither particularly good nor bad.";Neutral
The coffee was lukewarm, but it was drinkable.;Neutral
"I did some grocery shopping today; it was a pretty normal experience.";Neutral
"The new store in the mall is okay; it has the basics, but nothing stood out.";Neutral
The class was informative, but I didn’t learn anything groundbreaking.;Neutral
"I attended a webinar today; it was somewhat helpful but not particularly engaging.";Neutral
The neighbor’s party was loud, but it didn’t bother me too much.;Neutral
"I tried a new brand of cereal; it was fine, but I probably won’t buy it again.";Neutral
I noticed a slight increase in my electricity bill this month, but it’s not a big deal.;Neutral
"The TV show I watched was mediocre; it had some good moments but was mostly dull.";Neutral
"I took a walk in the park; it was peaceful, but nothing special happened.";Neutral
The new hire at work seems competent, but it’s too early to tell how they’ll fit in.;Neutral
"I got my hair trimmed today; it’s the same as always.";Neutral
The office was quieter than usual, but everything operated smoothly.;Neutral
"I had a salad for dinner; it was filling but nothing to rave about.";Neutral
The public transportation was on time, and the ride was uneventful.;Neutral
I noticed a small scratch on my car, but it’s not really noticeable.;Neutral
"The book I picked up from the library seems okay; I’m not sure if I’ll finish it.";Neutral
"I had a chat with my neighbor; it was a polite but brief conversation.";Neutral
"The store had everything I needed; the shopping experience was typical.";Neutral
The weather was a bit cloudy, but it didn’t rain.;Neutral
The podcast I listened to was interesting, but I wouldn’t listen to it again.;Neutral
I went to bed early last night, but I woke up feeling just okay.;Neutral
"I received an unexpected thank-you note from a colleague today; it made my day.";Positive
"The new park in the neighborhood is beautiful; the kids had a blast.";Positive
"My workout this morning was invigorating; I feel full of energy now.";Positive
I finally found the perfect dress for the party, and it fits like a glove.;Positive
"The customer service at the store was outstanding; they went above and beyond.";Positive
"I had a delicious homemade dinner with my family; it was the perfect way to end the day.";Positive
My friend and I reconnected after years, and it was like no time had passed.;Positive
I completed a challenging puzzle today, and it was so satisfying.;Positive
"The sunset over the ocean was breathtaking; I’m so glad I took the time to watch it.";Positive
I finally got around to decluttering my home, and it feels so much more spacious now.;Positive
I received an invitation to speak at a conference, and I’m really excited about it.;Positive
The book I’m reading is so engaging that I stayed up late to finish another chapter.;Positive
"I’m really proud of the meal I cooked tonight; it turned out perfectly.";Positive
The walk in the forest this morning was peaceful and refreshing.;Positive
I got a new pet cat, and she’s already brought so much joy into my life.;Positive
The handmade gift from my friend was so thoughtful and unique.;Positive
I finally achieved my goal weight after months of hard work, and I feel amazing.;Positive
The new restaurant in town had excellent food and a warm atmosphere.;Positive
I received a scholarship for my studies, and it’s a huge relief financially.;Positive
"My garden is thriving this year; the flowers are more vibrant than ever.";Positive
I had a fantastic day at the beach with perfect weather and good company.;Positive
My new hobby, painting, has become a great way to unwind and relax.;Positive
"The concert was an unforgettable experience; the band played all my favorite songs.";Positive
I got a surprise visit from a friend, and we had a great time catching up.;Positive
The new yoga class I joined is just what I needed to start my day right.;Positive
I found a great deal on a gadget I’ve been wanting for a long time.;Positive
"The reunion with my old school friends was so much fun; we laughed all night.";Positive
The new software I installed has made my work so much easier and more efficient.;Positive
I received a promotion at work, and I’m really excited about the new challenges.;Positive
I baked a cake for the first time, and it turned out delicious.;Positive
The weekend getaway to the mountains was exactly what I needed to recharge.;Positive
I just finished a project I’ve been working on for months, and I’m really proud of it.;Positive
"The new museum exhibit was fascinating; I learned so much.";Positive
"I’m so grateful for my supportive family and friends; they mean the world to me.";Positive
The movie I was excited about turned out to be a huge disappointment.;Negative
I had to cancel my vacation plans due to an unexpected emergency.;Negative
My computer crashed, and I lost an important document I was working on.;Negative
"The traffic this morning was terrible; it took me twice as long to get to work.";Negative
"I had a frustrating experience at the grocery store; they were out of everything I needed.";Negative
The new policy at work is making everything more complicated and stressful.;Negative
I spilled coffee all over my favorite shirt right before a meeting.;Negative
"The restaurant I tried last night was disappointing; the food was bland and overpriced.";Negative
The flight was delayed for hours, and there was no clear communication from the airline.;Negative
I’ve been feeling under the weather lately, and it’s affecting my productivity.;Negative
My favorite show was unexpectedly canceled, and I’m really upset about it.;Negative
The book I was reading started off well, but the ending was a letdown.;Negative
I had a disagreement with a close friend, and it’s been bothering me all day.;Negative
"The weather ruined our plans for an outdoor event; it rained non-stop.";Negative
My car broke down on the way to work, and now I’m stuck waiting for a tow.;Negative
The new app I downloaded is full of glitches and keeps crashing.;Negative
I didn’t sleep well last night, and now I’m exhausted.;Negative
The project I’ve been working on was rejected by the client, and I’m really discouraged.;Negative
"The meal I ordered online arrived cold and soggy; I couldn’t even eat it.";Negative
I was overcharged at the store, and now I have to go back to sort it out.;Negative
The meeting was chaotic, and we didn’t accomplish anything.;Negative
I missed the deadline for a major assignment, and now I’m stressed out.;Negative
"My neighbor’s loud music kept me up all night; I couldn’t get any sleep.";Negative
The new phone I bought isn’t working properly, and it’s been really frustrating.;Negative
The long wait at the doctor’s office was exhausting, and I didn’t even get any answers.;Negative
"The internet connection at home has been so slow lately; it’s really frustrating.";Negative
I accidentally deleted all the photos from my last vacation, and I can’t recover them.;Negative
"The presentation I gave didn’t go as planned; I forgot half of what I wanted to say.";Negative
The new job I started isn’t what I expected, and I’m not sure it’s the right fit.;Negative
"The food at the new restaurant was disappointing; it didn’t live up to the hype.";Negative
I had to wait in line for over an hour at the DMV, and it was incredibly frustrating.;Negative
My flight was canceled at the last minute, and I had to scramble to make new arrangements.;Negative
The new shoes I bought are uncomfortable, and I’m regretting the purchase.;Negative
"The movie was fine; it wasn’t great, but it wasn’t bad either.";Neutral
"I had a typical day at work; nothing out of the ordinary happened.";Neutral
"The weather today was average; not too hot, not too cold.";Neutral
"I went grocery shopping today; it was a pretty routine trip.";Neutral
"The book I’m reading is okay; it’s not the best, but it’s keeping me entertained.";Neutral
The new app I downloaded is functional, but nothing special.;Neutral
"I had a sandwich for lunch; it was decent, but nothing memorable.";Neutral
"The meeting was straightforward; we covered all the necessary points.";Neutral
"I took a walk around the neighborhood; it was a nice, uneventful stroll.";Neutral
"The concert last night was okay; the band was good, but the atmosphere was lacking.";Neutral
"I bought a new shirt today; it’s fine, but it’s just a basic design.";Neutral
"The service at the restaurant was adequate; they got the job done.";Neutral
"The new coffee shop in town is alright; the coffee is decent, but the ambiance is average.";Neutral
"I watched a TV show last night; it was mildly entertaining, but not particularly exciting.";Neutral
The class I attended was informative, but nothing I didn’t already know.;Neutral
"I tried a new recipe today; it was fine, but I probably won’t make it again.";Neutral
"The park was quiet today; I sat on a bench and just enjoyed the calm.";Neutral
"I chatted with my neighbor this morning; it was a polite, but brief conversation.";Neutral
"The new policy at work is manageable; it’s not great, but it’s not terrible either.";Neutral
I noticed a slight increase in my electricity bill, but it’s not a big deal.;Neutral
"I had a cup of tea this afternoon; it was relaxing, but nothing extraordinary.";Neutral
The podcast I listened to was informative, but I’m not sure I’ll listen to it again.;Neutral
"I did some light reading today; it was a pleasant way to pass the time.";Neutral
The store had everything I needed, but nothing caught my eye.;Neutral
"I spent the evening cleaning my house; it was necessary, but not particularly enjoyable.";Neutral
The weather was cloudy, but it didn’t rain, so it was just an average day.;Neutral
"I took the bus to work today; the ride was uneventful.";Neutral
The museum exhibit was interesting, but nothing that really stood out.;Neutral
I noticed a few new flowers in my garden, but nothing too dramatic.;Neutral
The office was quieter than usual today, but nothing noteworthy happened.;Neutral
"I tried a new brand of coffee; it was okay, but I still prefer my usual brand.";Neutral
The commute this morning was smooth, but nothing special.;Neutral
"I went to bed early last night; it was just a regular evening.";Neutral
I received an unexpected bonus at work, which made my day.;Positive
"The new museum exhibit on ancient civilizations was fascinating; I learned so much.";Positive
I finally mastered that challenging yoga pose, and I feel amazing.;Positive
"My vegetable garden is thriving this year; the tomatoes are the best I’ve ever grown.";Positive
"I got to pet a really friendly dog during my walk today; it brightened my mood.";Positive
The local bakery introduced a new flavor, and it’s absolutely delicious.;Positive
I volunteered at the animal shelter today, and it was such a rewarding experience.;Positive
I aced my final exam, and I’m so proud of my hard work.;Positive
"The camping trip was a success; the weather was perfect and the scenery was beautiful.";Positive
I finished a jigsaw puzzle that had been sitting around for months, and it was so satisfying.;Positive
I attended a cooking class and made the best pasta I've ever had.;Positive
My friend's wedding was beautiful, and I'm so happy for them.;Positive
The renovation project at home is finally complete, and it looks fantastic.;Positive
I tried a new hobby, photography, and I’m really enjoying it.;Positive
I was able to reconnect with a long-lost family member, and it was a wonderful reunion.;Positive
The team I coach won the championship, and I’m incredibly proud of them.;Positive
I got a chance to meet my favorite author at a book signing event, and it was an unforgettable experience.;Positive
I successfully completed a marathon, which has been a lifelong goal.;Positive
"I had an excellent meal at a new sushi restaurant; the fish was so fresh.";Positive
I found a rare collectible at a flea market that I’ve been searching for years.;Positive
My child’s art was featured in a local exhibition, and I’m so proud of them.;Positive
I had a productive day in the garden, and it’s looking better than ever.;Positive
I received a letter of appreciation from my boss, and it really boosted my morale.;Positive
The documentary I watched last night was incredibly inspiring.;Positive
I discovered a new podcast that is both entertaining and informative.;Positive
The weekend workshop I attended on writing was both informative and motivating.;Positive
I was able to help a stranger today, and it felt really good.;Positive
The sunset over the mountains during our road trip was breathtaking.;Positive
"I got a perfect score on my driver's test; all that practice paid off.";Positive
I found a new running trail that offers stunning views of the city.;Positive
"The local theater production of ""Hamlet"" was outstanding.";Positive
I completed my first knitting project, and it turned out beautifully.;Positive
I was offered a dream job in a city I’ve always wanted to live in.;Positive
I won a raffle at the community fair and got a gift basket filled with goodies.;Positive
My flight was canceled, and the airline offered no alternative options.;Negative
The new coffee machine at work broke down after just one week of use.;Negative
The novel I was looking forward to reading turned out to be dull and uninspiring.;Negative
I lost my wallet on the subway, and now I have to cancel all my cards.;Negative
The weather was supposed to be sunny, but it ended up raining all day during our beach trip.;Negative
The online course I signed up for is poorly organized and confusing.;Negative
"I had a frustrating experience with customer service; they couldn’t resolve my issue.";Negative
The package I was eagerly waiting for arrived damaged, and now I have to return it.;Negative
My favorite local restaurant has closed down, and I’m really going to miss it.;Negative
The new software update caused my computer to crash repeatedly.;Negative
I was late to an important meeting because of a flat tire on my way to work.;Negative
"The concert I attended was disappointing; the sound system was terrible.";Negative
I dropped my phone in the toilet, and now it’s completely ruined.;Negative
The online order I placed never arrived, and I’m struggling to get a refund.;Negative
My laptop battery died in the middle of a presentation, and I didn’t have a charger.;Negative
The public transportation strike made my commute unbearable today.;Negative
I got a speeding ticket this morning, which totally ruined my day.;Negative
The new neighbor’s constant noise is making it hard for me to concentrate.;Negative
I found out that my favorite TV show is being canceled after this season.;Negative
The clothing item I ordered online was the wrong size, and returning it is a hassle.;Negative
The weekend getaway was ruined by a terrible hotel experience.;Negative
The new gym I joined is always overcrowded, making it difficult to use the equipment.;Negative
I was stung by a bee while gardening, and now I have a painful swelling.;Negative
The local park I usually go to is closed for renovations, and I have to find a new place to jog.;Negative
I had to spend hours on the phone with tech support to fix my internet connection.;Negative
The movie I watched had a confusing plot that didn’t make any sense.;Negative
The meeting today was unnecessarily long and unproductive.;Negative
My car wouldn’t start this morning, and I had to call for roadside assistance.;Negative
I found mold in my apartment, and now I have to move out temporarily.;Negative
The online class I was taking crashed during an important lecture.;Negative
The bakery ran out of my favorite pastry just as I got to the counter.;Negative
The power went out right before I was about to cook dinner, and everything was spoiled.;Negative
I spilled coffee all over an important document, and now I have to redo it.;Negative
"I walked through the new shopping mall today; it was large, but nothing special.";Neutral
The report I submitted was accepted without any major revisions.;Neutral
"I had a standard check-up at the dentist today; everything was routine.";Neutral
"I spent the afternoon reading a magazine; it was an okay way to pass the time.";Neutral
The train ride to work was on time today, just like every other day.;Neutral
I received an email from an old acquaintance, but it was just a quick hello.;Neutral
The grocery store had everything I needed, and the trip was uneventful.;Neutral
"I watched a documentary last night; it was interesting but not groundbreaking.";Neutral
"I tried a new recipe for dinner; it was okay, but I probably won’t make it again.";Neutral
"I took my dog for a walk in the park; it was a typical day out.";Neutral
"The meeting was fairly standard; we went over the usual topics.";Neutral
"I found a penny on the ground today; it’s not much, but it’s something.";Neutral
"I attended a local community meeting; it was informative but nothing out of the ordinary.";Neutral
I noticed a new store opened up nearby, but I haven’t checked it out yet.;Neutral
"I spent some time organizing my files; it was a necessary but boring task.";Neutral
"I had cereal for breakfast; it was just the usual.";Neutral
"I went for a run this morning; it was a typical workout.";Neutral
"I listened to a podcast during my commute; it was somewhat interesting.";Neutral
The weather was overcast today, but it didn’t rain.;Neutral
"I refilled my car’s gas tank; nothing special, just routine maintenance.";Neutral
I noticed a small typo in my report, but it wasn’t a big deal.;Neutral
The email newsletter I subscribed to arrived, but I didn’t read it right away.;Neutral
"I cleaned my desk at work; it’s just part of my regular routine.";Neutral
"I had a quick chat with my neighbor about the weather; it was polite but brief.";Neutral
I browsed through some online stores but didn’t buy anything.;Neutral
The public transportation was on schedule today, nothing unusual.;Neutral
"I spent the evening watching TV; the shows were okay, but nothing stood out.";Neutral
"I organized my bookshelf today; it looks a bit tidier now.";Neutral
"I had a salad for lunch; it was neither particularly good nor bad.";Neutral
"I took a nap this afternoon; it was refreshing but nothing special.";Neutral
I received a call from my bank, but it was just a routine check.;Neutral
"I went through my emails and deleted a few; nothing important.";Neutral
The local news didn’t have any particularly interesting stories today.;Neutral
"Had a relaxing afternoon at the beach; the weather was just right.";Positive
The homemade pizza I made tonight was a hit with everyone.;Positive
Went for a morning run, and it was so refreshing to start the day like that.;Positive
"Caught up with an old friend over coffee; it was like no time had passed.";Positive
Just got back from a movie, and it was even better than I expected.;Positive
Tried a new café today, and their pastries were absolutely delicious.;Positive
Spent the day hiking in the mountains—what a view!;Positive
"The concert last night was amazing; the band sounded incredible live.";Positive
My pet has been extra cuddly today, and it’s made my day so much better.;Positive
I finally finished reading that book everyone’s been talking about, and it lived up to the hype.;Positive
"The neighborhood BBQ was a lot of fun; I met some really nice people.";Positive
"The new recipe I tried for dinner was a success; everyone loved it.";Positive
"Had a great time at the farmers’ market this morning; found some fresh, local produce.";Positive
Spent the afternoon painting, and I’m really happy with how it turned out.;Positive
The weather was perfect for a picnic in the park today.;Positive
I just received a really thoughtful gift from a friend—it made me smile.;Positive
Went to a local art gallery, and the exhibits were truly inspiring.;Positive
Finally found the perfect pair of shoes I’ve been looking for.;Positive
Took a scenic drive today, and the fall colors were stunning.;Positive
"I got a surprise visit from my grandparents; it was so nice to see them.";Positive
Just finished a puzzle that’s been on my table for weeks—so satisfying!;Positive
"Had a great time baking cookies with the kids; the house smells amazing.";Positive
The flowers I planted last spring are finally blooming, and they’re beautiful.;Positive
Went stargazing last night, and the sky was so clear—saw so many constellations.;Positive
The homemade ice cream I made turned out to be a new family favorite.;Positive
Spent a lazy Sunday morning reading the newspaper and drinking coffee—pure bliss.;Positive
"Had a wonderful time at a local food festival; everything was so tasty.";Positive
"I got a great deal on my favorite wine today; stocked up for the holidays.";Positive
Went for a bike ride along the river, and it was so peaceful.;Positive
I just received the kindest thank-you note from a friend, made my day.;Positive
Spent the afternoon at a museum, and learned so much.;Positive
"The garden is looking amazing; all the hard work has really paid off.";Positive
Had a great time volunteering at the animal shelter today.;Positive
The holiday decorations in town are up, and everything looks so festive.;Positive
The weather ruined our picnic plans—it rained all afternoon.;Negative
I was really looking forward to dinner, but the restaurant was a huge disappointment.;Negative
"My phone fell and cracked the screen; now I need to get it fixed.";Negative
The traffic was terrible today, took me forever to get home.;Negative
I spilled coffee on my favorite book, and now it’s ruined.;Negative
My pet knocked over a plant, and there’s dirt everywhere.;Negative
The movie I rented was a total letdown—not worth the time.;Negative
The store was out of the one thing I went there to buy—so frustrating.;Negative
I was late to the event because I couldn’t find parking.;Negative
My favorite bakery was closed today, really wanted one of their pastries.;Negative
The game I’ve been waiting to play turned out to be really boring.;Negative
Had to deal with a rude customer service representative today—very frustrating.;Negative
The power went out just as I was about to cook dinner—had to order takeout.;Negative
I lost my keys and spent an hour searching for them.;Negative
The cake I baked didn’t rise properly, and it’s a bit of a disaster.;Negative
My new shoes gave me blisters after just one wear.;Negative
The event I was looking forward to got canceled last minute.;Negative
The weather was too hot to enjoy being outside today.;Negative
I got a parking ticket, even though I was only a few minutes late.;Negative
The movie I was excited to see had terrible reviews, and now I’m not sure I want to watch it.;Negative
The Wi-Fi at home keeps cutting out, making it impossible to get anything done.;Negative
I broke a glass while washing dishes and cut my hand—ouch!;Negative
The park was too crowded to enjoy a peaceful walk today.;Negative
The grocery store was packed, and the lines were ridiculously long.;Negative
I accidentally deleted some important photos from my phone.;Negative
The coffee I made this morning was way too strong—not a great start to the day.;Negative
The delivery I was expecting today got delayed and now won’t arrive until tomorrow.;Negative
"I burned dinner tonight; now I have to start all over.";Negative
The neighbor’s dog barked all night, and I couldn’t sleep.;Negative
The new recipe I tried didn’t turn out as expected—too bland.;Negative
I missed the beginning of the show I’ve been waiting to watch.;Negative
My car wouldn’t start this morning, so I had to take the bus.;Negative
The new store in town had nothing interesting—total waste of time.;Negative
"I went for a walk around the neighborhood today; it was a typical stroll.";Neutral
"The grocery store trip was uneventful; just picked up the basics.";Neutral
"I read a few chapters of my book this afternoon; nothing too exciting happened.";Neutral
"Had cereal for breakfast today; it was just okay.";Neutral
"I spent some time organizing my desk; it’s a little tidier now.";Neutral
The weather was cloudy all day but didn’t rain.;Neutral
"I caught up on some laundry this morning; nothing out of the ordinary.";Neutral
"Watched a random movie on TV last night; it was alright, not great.";Neutral
Took the bus to the city today, and the ride was pretty standard.;Neutral
I checked my emails and deleted the spam—nothing important came through.;Neutral
"Spent the afternoon tidying up the living room; it looks neat now.";Neutral
"Went through some old magazines; tossed a few but kept the interesting ones.";Neutral
"Had a sandwich for lunch; it was fine, nothing special.";Neutral
"I found an old sweater in my closet; it still fits, so I kept it.";Neutral
"The park was fairly quiet today; just a normal day out.";Neutral
"Made a cup of tea this afternoon; it was relaxing but uneventful.";Neutral
"Listened to the radio while driving; nothing particularly stood out.";Neutral
"The meeting at work was routine; covered the usual topics.";Neutral
"Went for a quick jog around the block; it was a normal workout.";Neutral
"Read some articles online; a couple were interesting, but most were just okay.";Neutral
"Organized my bookshelf today; it’s a little more orderly now.";Neutral
"Had a simple pasta dish for dinner; it was fine.";Neutral
"Checked social media; nothing much happened today.";Neutral
"The cat slept most of the day; just another lazy afternoon.";Neutral
The grocery store was pretty quiet today, and I got everything I needed.;Neutral
"Watched the evening news; nothing particularly surprising came up.";Neutral
The traffic was normal today—no delays or issues.;Neutral
"I made some coffee this morning; it was just the usual.";Neutral
"Took a walk after dinner; it was nice but uneventful.";Neutral
"Cleaned out my email inbox; nothing major, just routine maintenance.";Neutral
"Went for a drive to clear my head; it was peaceful but not particularly memorable.";Neutral
The clouds were out all day, but it didn’t rain.;Neutral
"Picked up the mail today; just bills and ads, nothing exciting.";Neutral
The traffic was a nightmare this morning, made me late for my appointment.;Negative
Dropped my favorite mug, and it shattered all over the floor.;Negative
The movie I was excited to see turned out to be a huge disappointment.;Negative
"Had a rough night’s sleep; couldn’t stop tossing and turning.";Negative
The weather was awful today—rainy and cold, with no sign of the sun.;Negative
My pet got into the trash and made a huge mess in the kitchen.;Negative
The power went out just as I was about to start dinner—so frustrating.;Negative
I was looking forward to the concert, but it got canceled last minute.;Negative
The grocery store was out of stock on the one thing I needed most.;Negative
I lost my favorite scarf today and can’t seem to find it anywhere.;Negative
The internet was down all day, and I couldn’t get any work done.;Negative
My phone’s battery died while I was out, and I didn’t have a charger.;Negative
Got caught in the rain without an umbrella—ended up completely soaked.;Negative
The book I’ve been reading had such a disappointing ending.;Negative
I had a really stressful day and couldn’t seem to catch a break.;Negative
"The meal I cooked didn’t turn out as planned; it was way too salty.";Negative
I stubbed my toe on the way to the kitchen—ouch!;Negative
"The neighbor’s party was so loud last night; I barely got any sleep.";Negative
My car wouldn’t start this morning, and I had to call a tow truck.;Negative
The coffee machine at work broke down, so no caffeine for me today.;Negative
I missed the bus by just a minute and had to wait for the next one.;Negative
"The delivery I was expecting didn’t arrive on time; now I have to wait another day.";Negative
The park was too crowded to enjoy a peaceful walk today.;Negative
I accidentally burned dinner and had to throw it out.;Negative
The store didn’t have my size in the shoes I wanted to buy.;Negative
The event I was planning to go to was canceled because of the weather.;Negative
My plans for the weekend fell through, and now I’m stuck at home.;Negative
The Wi-Fi was so slow today, I couldn’t stream anything properly.;Negative
I lost track of time and missed an important phone call.;Negative
The hike was harder than I expected, and I’m completely exhausted.;Negative
The cake I baked didn’t rise, and it looks pretty sad.;Negative
The concert tickets sold out before I could get any.;Negative
The new recipe I tried was a total flop—no one liked it.;Negative
Went to a local farmer's market today and found the freshest strawberries—so sweet!;Positive
Spent the evening with family, sharing stories and laughter—feeling grateful.;Positive
"Finally completed a 1,000-piece puzzle; it was challenging but so satisfying.";Positive
"Had a spontaneous road trip today; the scenery was absolutely stunning.";Positive
I received an unexpected compliment from a stranger, which really brightened my day.;Positive
The soup I made from scratch turned out to be the best I've ever cooked.;Positive
"Just finished a relaxing yoga session; feeling calm and centered.";Positive
The local bakery had my favorite pastry in stock today—such a treat!;Positive
Spent the afternoon volunteering and left with a full heart.;Positive
The weather was perfect for a bike ride around the lake today.;Positive
Had a great day exploring a new hiking trail—nature was in full bloom.;Positive
I won a small prize in the local raffle, and it made me smile.;Positive
Tried a new board game with friends, and it was a lot of fun.;Positive
Finally got my guitar tuned and played my favorite songs—such a good feeling.;Positive
My friend made me a playlist, and it's exactly my taste in music.;Positive
The sunset this evening was one of the most beautiful I’ve ever seen.;Positive
Cooked a new dish tonight, and it turned out delicious—everyone loved it.;Positive
I got a handwritten letter in the mail today—such a rare and lovely surprise.;Positive
Visited an art gallery today, and the exhibits were truly inspiring.;Positive
"Had an impromptu picnic at the park; the weather was perfect for it.";Positive
Found a book at the library that I’ve been wanting to read for ages.;Positive
I had a relaxing day at the beach, just enjoying the sound of the waves.;Positive
The homemade bread I baked today came out perfectly—so soft and warm.;Positive
Got to catch up with an old friend over the phone—it was just like old times.;Positive
My dog learned a new trick today, and it made me so proud.;Positive
Went for a run and set a new personal best—feeling accomplished!;Positive
Had the chance to help a neighbor with their groceries, and it felt good to lend a hand.;Positive
Enjoyed a quiet evening with a good book and a cup of tea—pure bliss.;Positive
The flowers I planted last month are blooming beautifully.;Positive
Went stargazing tonight, and the sky was so clear—I even saw a shooting star.;Positive
Got to try a new craft today, and it turned out better than I expected.;Positive
The local ice cream shop had my favorite flavor today—what a treat!;Positive
Received a thoughtful gift from a friend, completely made my day.;Positive
Spent the day at a botanical garden, and it was so peaceful and beautiful.;Positive
"I spent the afternoon doing laundry; it was a pretty typical Sunday.";Neutral
"Had a sandwich for lunch today; it was nothing special but filled me up.";Neutral
Went to the grocery store and picked up the usual items—nothing new.;Neutral
The weather was mild today, neither too hot nor too cold.;Neutral
"Read a few chapters of my book before bed; it’s moving along slowly.";Neutral
The day at work was pretty standard, no surprises.;Neutral
Watched some TV in the evening, but nothing really caught my attention.;Neutral
The walk around the neighborhood was uneventful, but it was nice to get out.;Neutral
Went through my emails and cleared out the spam—nothing important.;Neutral
Had cereal for breakfast, just like every other day.;Neutral
The commute to work was average, no major delays.;Neutral
"I organized some files on my computer; it was just a routine task.";Neutral
The grocery store was busy, but I got everything I needed.;Neutral
"Listened to a podcast on the way to work; it was mildly interesting.";Neutral
Spent some time cleaning the house today—just the usual chores.;Neutral
Went for a drive, but there wasn’t much to see—just a regular day.;Neutral
Caught up on some news online, but nothing particularly noteworthy.;Neutral
I made a cup of tea in the afternoon, just part of my daily routine.;Neutral
Spent the evening scrolling through social media—nothing exciting happened.;Neutral
The bus was on time today, just like it usually is.;Neutral
Picked up a few items at the store, just the basics.;Neutral
"Had a chat with my neighbor about the weather; it was a quick conversation.";Neutral
"I watched a rerun of an old show; it was fine but nothing special.";Neutral
"Took a quick nap in the afternoon; it wasn’t particularly refreshing.";Neutral
The meeting today was brief and to the point—nothing extraordinary.;Neutral
Checked the mail, and it was just bills and junk mail.;Neutral
Went for a short walk after dinner, just a routine part of my evening.;Neutral
"Organized the pantry today; it looks a little tidier now.";Neutral
Had a glass of water before bed—nothing out of the ordinary.;Neutral
I browsed through some online shops but didn’t buy anything.;Neutral
The sky was mostly cloudy today, but it didn’t rain.;Neutral
"Cleaned out the fridge; it was just time to get rid of old stuff.";Neutral
Spent some time on a crossword puzzle, but didn’t finish it.;Neutral
I finally got around to planting those flowers in the garden, and they look amazing.;Positive
Went for a morning walk and the fresh air was so refreshing.;Positive
My new shoes are super comfortable, best purchase I’ve made in a while.;Positive
Had a really fun game night with friends—lots of laughs and good times.;Positive
The homemade soup I made turned out perfect—everyone loved it.;Positive
I found a beautiful painting at a thrift store, and it’s now hanging in my living room.;Positive
Had a lovely afternoon tea with my mom, it was so relaxing.;Positive
The sunset today was absolutely stunning, had to take a picture.;Positive
I finished a challenging crossword puzzle this morning—feeling accomplished.;Positive
Discovered a new walking trail near my house, and it’s so peaceful.;Positive
Received a surprise care package from a friend, totally made my day.;Positive
My cat did the cutest thing today, it really lifted my spirits.;Positive
Finally found the perfect gift for my friend’s birthday—can’t wait to give it to them.;Positive
I baked cookies today, and the whole house smells amazing.;Positive
Tried a new recipe for dinner, and it was a big hit with everyone.;Positive
Had a great conversation with a stranger at the coffee shop today.;Positive
I spent the afternoon reading in the park—such a peaceful way to spend the day.;Positive
Just finished a great workout and feel so energized.;Positive
Found a new podcast that I really enjoy—listened to three episodes in a row.;Positive
My dog learned a new trick today, so proud of her!;Positive
Had a spontaneous dance party in the living room with the kids—it was a blast.;Positive
Got a compliment from a stranger on my outfit today—made me smile.;Positive
The local bakery had my favorite bread fresh out of the oven today.;Positive
Spent the evening stargazing, the sky was so clear.;Positive
Received an unexpected discount at the store—every little bit helps!;Positive
Had a picnic in the backyard with the family, it was so fun.;Positive
Found a great new show to binge-watch on Netflix.;Positive
My favorite band just announced a new album, can’t wait to hear it.;Positive
Enjoyed a quiet evening with a good book and a cup of tea.;Positive
I successfully fixed a leaky faucet in the bathroom today—felt like a pro!;Positive
The weather was perfect today—ideal for spending time outdoors.;Positive
I got to pet a super friendly dog while out on my walk today.;Positive
Finally finished knitting that scarf I started months ago—it turned out great.;Positive
My favorite café started offering a new seasonal drink, and it’s delicious.;Positive
I dropped my phone and now the screen is cracked—so frustrating.;Negative
Had a terrible night’s sleep, can’t stop yawning today.;Negative
The restaurant I was excited to try had really disappointing food.;Negative
The grocery store was out of the one thing I went there for—ugh.;Negative
Got caught in a downpour without an umbrella, ended up soaked.;Negative
My favorite mug broke this morning, now I need to find a new one.;Negative
I was late to work because of an unexpected traffic jam.;Negative
The power went out in the middle of making dinner—had to eat cold leftovers.;Negative
Accidentally locked myself out of the house and had to wait for a locksmith.;Negative
The Wi-Fi was down for most of the day, made it hard to get anything done.;Negative
My car wouldn’t start this morning, had to take the bus instead.;Negative
The book I’ve been reading had a really disappointing ending.;Negative
I got a parking ticket today, just what I needed.;Negative
My pet knocked over a plant, now there’s soil all over the floor.;Negative
I burned the toast this morning, not the best start to the day.;Negative
The new shoes I bought gave me blisters after just one wear.;Negative
The rain ruined our plans for a barbecue today.;Negative
I misplaced my keys and spent an hour looking for them.;Negative
The TV show I was watching got canceled just when it was getting good.;Negative
My favorite bakery was out of the pastry I always get—so disappointed.;Negative
I broke a nail right after getting a manicure—so annoying.;Negative
The delivery I was expecting today got delayed until tomorrow.;Negative
The coffee I made this morning was way too strong—yikes!;Negative
I dropped a glass and it shattered everywhere—had to clean it up.;Negative
The store didn’t have my size in the shoes I wanted.;Negative
I accidentally left my shopping list at home and forgot half the things I needed.;Negative
My internet connection kept cutting out during an important video call.;Negative
The public transit was delayed, making me late for an appointment.;Negative
My headphones stopped working right in the middle of my favorite song.;Negative
The neighbor’s dog barked all night, keeping me awake.;Negative
I got a paper cut while flipping through some documents—ouch!;Negative
The weather was too hot to enjoy being outside today.;Negative
The new recipe I tried didn’t turn out well at all—back to the drawing board.;Negative
I went to the post office today to mail a package—just a routine errand.;Neutral
Had cereal for breakfast this morning, just like I do every day.;Neutral
Spent some time cleaning the kitchen this afternoon, it needed it.;Neutral
Went for a walk around the neighborhood, it was pretty quiet.;Neutral
The grocery store was crowded, but I got everything I needed.;Neutral
I watched a few episodes of a show I’ve been meaning to catch up on.;Neutral
The weather was mild today, not too hot or too cold.;Neutral
I took the trash out this morning, just part of the usual routine.;Neutral
The mail came today, mostly bills and advertisements.;Neutral
I organized some files on my computer this afternoon—nothing special.;Neutral
Listened to the radio while driving, the usual mix of songs and ads.;Neutral
I spent some time reading articles online, a pretty typical evening.;Neutral
Went through my email inbox and deleted the spam—nothing important.;Neutral
I did some laundry today, just the regular weekend chores.;Neutral
Had a sandwich for lunch, nothing fancy but it did the job.;Neutral
I refueled the car this afternoon, just another task to check off.;Neutral
Spent the morning tidying up the house, now everything’s in order.;Neutral
Watched a documentary last night, it was informative but nothing groundbreaking.;Neutral
Went to bed early last night, needed some extra rest.;Neutral
Spent some time scrolling through social media, nothing much happened.;Neutral
I ran a few errands today, just the usual weekend stuff.;Neutral
Took a quick nap this afternoon, felt okay afterward.;Neutral
I organized the pantry today, now it’s easier to find things.;Neutral
The sky was mostly cloudy today, but it didn’t rain.;Neutral
I made a cup of coffee this morning, just part of my routine.;Neutral
Spent some time on a crossword puzzle, still didn’t finish it.;Neutral
Went for a drive around town, nothing particularly interesting happened.;Neutral
The meeting today was fairly standard, nothing unexpected.;Neutral
I reorganized my bookshelf this morning, it’s a bit more organized now.;Neutral
Checked my bank account today, just making sure everything’s in order.;Neutral
I watered the plants this afternoon, they’re doing well.;Neutral
The new movie I watched was just okay, nothing too exciting.;Neutral
I cleaned out my closet today, found some old clothes I forgot I had.;Neutral
I found a cozy little café today and had the best latte ever.;Positive
"The hike today was refreshing; the view at the top was incredible.";Positive
My new headphones have amazing sound quality—so glad I got them.;Positive
"I spent the afternoon baking with my grandma; we had so much fun.";Positive
Had a great time at the park with the kids—they loved the playground.;Positive
"The homemade jam I made turned out perfectly; everyone loved it.";Positive
Received a sweet note from my partner today—completely made my day.;Positive
The rain finally stopped, and now there’s a beautiful rainbow outside.;Positive
Found a $20 bill in an old jacket pocket—what a nice surprise!;Positive
The weather was perfect for gardening, and I got so much done.;Positive
Had a really good workout today, feeling stronger every day.;Positive
The flowers I planted last month are starting to bloom—they look amazing.;Positive
Had a fun game night with friends, full of laughs and good memories.;Positive
I got a new book in the mail today—can’t wait to start reading it.;Positive
My friend surprised me with tickets to a show I’ve been dying to see.;Positive
Tried a new dessert recipe and it was a huge success—definitely making it again.;Positive
The sunset over the ocean tonight was absolutely breathtaking.;Positive
I finally organized my home office, and it feels so much more productive now.;Positive
Got to cuddle with my cat this morning—such a cozy way to start the day.;Positive
I received a compliment from a stranger today—it really boosted my confidence.;Positive
Spent the evening painting, and I’m really happy with how my artwork turned out.;Positive
The local farmer’s market had the freshest produce today—so delicious.;Positive
Had a spontaneous picnic in the park, and it was so relaxing.;Positive
Finally reached my fitness goal after months of hard work—feeling proud.;Positive
I reconnected with an old friend today, and it was like no time had passed.;Positive
The smell of freshly baked bread filled the house this morning—so comforting.;Positive
My favorite band just released a new song, and I can’t stop listening to it.;Positive
Had a really good conversation with my neighbor today—nice to get to know them better.;Positive
The new plant I got for my desk is thriving, brightening up my workspace.;Positive
I spent the afternoon at the beach, and it was so peaceful and relaxing.;Positive
Got a surprise package in the mail today from a friend—it was full of goodies.;Positive
Had a really delicious meal at a new restaurant tonight—will definitely be going back.;Positive
The weather was perfect for a long walk, and I feel so refreshed.;Positive
Spent the evening watching my favorite movie—never gets old.;Positive
I got a flat tire on the way to work today—had to call for help.;Negative
The milk in my coffee was spoiled—definitely not the start I wanted to my day.;Negative
My laptop froze in the middle of an important task, and I lost everything.;Negative
The rain ruined my plans for an outdoor barbecue today.;Negative
I burned the cookies I was baking—completely charred.;Negative
The store was out of stock on the one thing I needed—so frustrating.;Negative
I spilled water on my phone, and now it’s acting up.;Negative
The power went out right when I was about to start cooking dinner.;Negative
I missed the bus this morning, had to wait another half hour for the next one.;Negative
My pet knocked over a glass of juice, and it went everywhere.;Negative
The book I was reading had a really disappointing ending.;Negative
My flight got delayed, and now I’m stuck at the airport for hours.;Negative
I accidentally deleted some important files from my computer.;Negative
The coffee shop messed up my order, and I didn’t realize until I got home.;Negative
The concert I was excited about got canceled last minute.;Negative
I woke up with a headache, and it’s been bothering me all day.;Negative
The recipe I tried for dinner didn’t turn out at all like I expected.;Negative
My favorite shirt shrunk in the wash—now it doesn’t fit.;Negative
I lost my keys and had to retrace my steps to find them.;Negative
The weather was so humid today, I couldn’t enjoy being outside.;Negative
The Wi-Fi at home has been really slow all day, couldn’t stream anything.;Negative
The movie I watched was really boring—totally not worth the time.;Negative
I accidentally left my car lights on and now the battery is dead.;Negative
I broke a plate while washing dishes—now I have to buy a new set.;Negative
The delivery I was expecting today got delayed until next week.;Negative
My favorite café was out of the pastry I usually get—such a letdown.;Negative
The meeting today was so long and unproductive.;Negative
My pet got sick, and I had to take them to the vet—really stressful.;Negative
I got a splinter while doing some woodworking—ouch!;Negative
The event I was looking forward to got canceled due to bad weather.;Negative
I accidentally overwatered my plants, and now they’re looking droopy.;Negative
I dropped my groceries and everything spilled out in the parking lot.;Negative
The traffic was awful today, made me late to my appointment.;Negative
I took the trash out this morning, just part of the daily routine.;Neutral
Had a bowl of cereal for breakfast, nothing special but it filled me up.;Neutral
The weather was overcast today, not much sunshine but no rain either.;Neutral
Went to the bank to deposit a check, just another errand.;Neutral
Spent some time organizing my bookshelf, now everything is in order.;Neutral
I watched a documentary on TV tonight, it was interesting but not life-changing.;Neutral
The mail today was mostly bills and a few advertisements.;Neutral
Took a walk around the neighborhood, it was quiet and uneventful.;Neutral
Did a load of laundry this afternoon, just the usual weekend chores.;Neutral
I spent some time browsing online stores, didn’t buy anything though.;Neutral
The commute to work was pretty standard, no major delays.;Neutral
Made a cup of tea this afternoon, just part of my daily routine.;Neutral
I spent some time cleaning the kitchen, now it’s nice and tidy.;Neutral
Went through my emails this morning, mostly just spam and a few work messages.;Neutral
Watched a rerun of an old sitcom tonight, it was okay but nothing special.;Neutral
The meeting at work was fairly routine, nothing new to discuss.;Neutral
Had a sandwich for lunch, nothing fancy but it did the job.;Neutral
I went to the post office to mail a package, just another errand.;Neutral
Spent some time organizing my closet, it’s a bit more organized now.;Neutral
The sky was mostly cloudy today, but it didn’t rain.;Neutral
I took the bus to work this morning, the ride was uneventful.;Neutral
Had a quick chat with my neighbor about the weather, just small talk.;Neutral
I listened to some music while working, it was nice background noise.;Neutral
Went to bed early last night, just needed some extra rest.;Neutral
The grocery store trip was pretty standard, got everything I needed.;Neutral
Checked my bank account this morning, just making sure everything is in order.;Neutral
Spent some time tidying up the living room, now it looks neat.;Neutral
Watched the evening news, nothing particularly interesting happened today.;Neutral
Went for a drive around town, it was pretty quiet on the roads.;Neutral
I spent some time on a crossword puzzle, it was a nice way to pass the time.;Neutral
The local park was pretty empty today, just a few people walking their dogs.;Neutral
Had a cup of coffee this morning, just part of my usual routine.;Neutral
I cleaned out the fridge today, got rid of some old leftovers.;Neutral
"I had a lovely brunch with friends today; the food and company were perfect.";Positive
Finally had a chance to visit the new bookstore in town, and it’s amazing.;Positive
I found a new favorite spot in the park to sit and relax—it’s so peaceful.;Positive
"The family movie night was a success; everyone enjoyed the film.";Positive
I finally finished knitting that sweater, and it fits perfectly.;Positive
The sunrise this morning was absolutely beautiful, a great way to start the day.;Positive
I received a surprise phone call from an old friend—it made my day.;Positive
The new tea I tried today was delicious—definitely adding it to my routine.;Positive
I had a productive day cleaning out the garage—feels great to have it organized.;Positive
My workout today was intense but so rewarding—feeling stronger every day.;Positive
Spent the afternoon baking bread, and the whole house smells amazing.;Positive
I got a new plant for my living room, and it really brightens up the space.;Positive
Had a wonderful conversation with my grandmother today—so much wisdom shared.;Positive
The new recipe I tried for dinner was a hit with everyone.;Positive
I discovered a hidden gem of a café today—fantastic coffee and cozy ambiance.;Positive
I completed a challenging puzzle that had been sitting around for months—so satisfying!;Positive
The weather was perfect today for a long walk by the beach.;Positive
Received a thoughtful gift from a coworker today—such a kind gesture.;Positive
I tried a new hobby today—pottery—and really enjoyed it.;Positive
Had a fun and relaxing day at the spa—it was exactly what I needed.;Positive
I successfully fixed a broken chair at home—feeling pretty handy!;Positive
Spent the evening stargazing—the sky was so clear, saw so many constellations.;Positive
The new book I started is so captivating—I can’t put it down.;Positive
Had a great time playing board games with the family tonight.;Positive
I found the perfect birthday gift for my best friend today—can’t wait to give it to them.;Positive
The flowers in my garden are blooming beautifully this season.;Positive
Had a really good meal at a small local restaurant tonight—what a find!;Positive
The online course I’m taking is so interesting—I’m learning a lot.;Positive
Spent the day exploring a nearby town—so much history and charm.;Positive
I finally organized my photo albums, and it’s nice to have everything in order.;Positive
Got a new haircut today, and I’m loving the fresh look.;Positive
The family BBQ was a success—great food and great company.;Positive
I managed to finish all my errands today—feels good to get everything done.;Positive
Had a cozy evening at home with a good book and a cup of hot chocolate.;Positive
The train was delayed this morning, making me late for my appointment.;Negative
I accidentally dropped my favorite bowl, and it shattered into pieces.;Negative
The weather today was dreary and gray, not the best for outdoor activities.;Negative
I burnt my toast this morning—had to start breakfast over again.;Negative
The restaurant I was excited to try was a letdown—the food wasn’t great.;Negative
My favorite TV show ended with a disappointing finale.;Negative
The laundry didn’t dry properly, so I have to run it again.;Negative
I got a parking ticket today—totally ruined my mood.;Negative
The new shoes I bought are giving me blisters—not what I expected.;Negative
The power went out just as I was about to start cooking dinner.;Negative
I couldn’t find my car keys this morning, and it made me late.;Negative
My coffee spilled all over my desk—such a mess to clean up.;Negative
I was really looking forward to the concert, but it got canceled last minute.;Negative
My phone battery died right when I needed it most—so frustrating.;Negative
The book I’ve been reading turned out to be really boring.;Negative
I got caught in traffic for hours, making me miss my meeting.;Negative
The bakery was out of the croissants I love—really disappointed.;Negative
I overcooked dinner tonight, and it didn’t taste good at all.;Negative
The movie I rented was really bad—total waste of time.;Negative
My plans for the weekend were canceled due to bad weather.;Negative
I accidentally shrunk my favorite sweater in the wash.;Negative
The Wi-Fi has been really spotty all day—super annoying.;Negative
I stubbed my toe this morning—painful way to start the day.;Negative
The grocery store was out of the ingredient I needed for dinner.;Negative
The noise from construction next door kept me up all night.;Negative
My pet got sick, and I had to rush to the vet—it was a stressful day.;Negative
The event I was looking forward to was poorly organized and chaotic.;Negative
I broke a nail right after getting a manicure—so frustrating.;Negative
The coffee machine at work broke, no caffeine for anyone today.;Negative
My flight was delayed, and now I’m stuck at the airport for hours.;Negative
I misplaced my wallet, and now I’m stressing out trying to find it.;Negative
The cake I baked didn’t rise, and it’s a bit of a disaster.;Negative
I accidentally deleted some important work files—so frustrating.;Negative
I took the recycling out this morning, just part of my usual routine.;Neutral
Had a bowl of oatmeal for breakfast, nothing exciting but filling.;Neutral
The sky was mostly cloudy today, with a few breaks of sun.;Neutral
Spent some time organizing my desk, now everything is in its place.;Neutral
Watched a few episodes of a show I’m catching up on, it was alright.;Neutral
Went to the grocery store and got what I needed, nothing out of the ordinary.;Neutral
The mail today was mostly junk, but a couple of useful things came too.;Neutral
Took a short walk around the neighborhood, it was pretty quiet.;Neutral
Did a load of laundry this morning, just part of my weekly routine.;Neutral
I spent some time browsing online stores but didn’t buy anything.;Neutral
The drive to work was uneventful, traffic was light.;Neutral
Made a cup of tea this afternoon, just to take a short break.;Neutral
I spent some time cleaning the living room, it looks nice now.;Neutral
Went through my emails today, mostly just work-related stuff.;Neutral
Watched a rerun of a show I like, it’s still enjoyable.;Neutral
Had a sandwich for lunch today, nothing special but it was fine.;Neutral
Spent the afternoon reading, just passing the time.;Neutral
I checked the weather forecast, looks like it’s going to be cool all week.;Neutral
Went for a drive around town, just to clear my head.;Neutral
The meeting today was brief, just covered the basics.;Neutral
Organized my closet today, got rid of some old clothes.;Neutral
I listened to some music while working, just to have some background noise.;Neutral
Went to bed early last night, just needed the extra sleep.;Neutral
The grocery store was pretty standard today, nothing unusual happened.;Neutral
Checked my bank account today, just keeping track of my finances.;Neutral
Spent some time tidying up the kitchen, now it’s nice and clean.;Neutral
Watched the news tonight, nothing too surprising.;Neutral
Went for a walk after dinner, it was a nice way to end the day.;Neutral
I spent some time doing a crossword puzzle, it was a good way to relax.;Neutral
The local park was quiet today, just a few people walking their dogs.;Neutral
Had a cup of coffee this morning, just part of my daily routine.;Neutral
Spent some time organizing my photo albums, now everything is in order.;Neutral
The commute today was pretty typical, no major delays.;Neutral
Had a fantastic brunch with my family today—such a great way to spend the morning.;Positive
I finally finished a book I’ve been reading for months—it was worth the wait.;Positive
The weather was perfect for a day at the beach, and I made the most of it.;Positive
"My garden is thriving this year; the flowers are more vibrant than ever.";Positive
I had a really good workout this morning—feeling strong and energized.;Positive
The movie I watched last night was amazing—definitely recommending it to friends.;Positive
Found a new coffee shop today, and their lattes are top-notch.;Positive
Had a lovely evening walk around the neighborhood—the cool breeze was refreshing.;Positive
My homemade cookies turned out perfect, and everyone loved them.;Positive
I reconnected with an old friend today—it was so nice to catch up.;Positive
Spent the afternoon at a local art gallery—so much inspiration in one place.;Positive
I finally organized my closet, and it feels great to have everything in its place.;Positive
The dinner I cooked tonight was a hit—everyone asked for seconds.;Positive
The local farmer’s market had the freshest produce today—so glad I went.;Positive
My favorite band just released a new album, and it’s on repeat.;Positive
I received a surprise care package from a friend—it really brightened my day.;Positive
The hike today was challenging, but the view at the top was worth it.;Positive
Had a fun and relaxing day at the spa—just what I needed.;Positive
My pet has been extra cuddly today—makes me so happy.;Positive
I finally tackled a DIY project, and it turned out even better than I expected.;Positive
The sunset tonight was absolutely stunning—one of the best I’ve seen.;Positive
Had a great time playing board games with friends—it was full of laughs.;Positive
Found a rare book at a thrift store today—such a lucky find!;Positive
My new houseplant is thriving—it’s added so much life to my room.;Positive
I had a really good conversation with my neighbor today—nice to get to know them better.;Positive
Went for a long bike ride today, and the weather was perfect for it.;Positive
The dinner I tried out at a new restaurant was delicious—definitely going back.;Positive
Spent the day exploring a nearby town—so much to see and do.;Positive
I finished all my chores early today—feels great to have the rest of the day free.;Positive
Got a new haircut today, and I’m loving the fresh look.;Positive
Had a cozy evening with a good book and some hot chocolate—pure bliss.;Positive
I won a small prize in a local raffle—such a nice surprise!;Positive
The weather was perfect for a day in the garden, got so much done.;Positive
My new shoes are incredibly comfortable—I’m so happy with them.;Positive
I spilled coffee all over my desk this morning—what a mess to clean up.;Negative
The traffic today was terrible, making me late for an appointment.;Negative
My favorite store was out of the item I needed—so frustrating.;Negative
The Wi-Fi has been spotty all day, making it hard to get anything done.;Negative
I accidentally burned dinner tonight—now I have to start over.;Negative
The movie I was excited to watch turned out to be really boring.;Negative
The power went out just as I was about to start cooking—had to order takeout instead.;Negative
I woke up with a sore throat this morning—not a great start to the day.;Negative
The weather was too hot today, couldn’t enjoy being outside.;Negative
My pet got into the trash and made a huge mess in the kitchen.;Negative
The flight I was supposed to take got delayed by several hours.;Negative
I lost my keys this morning and had to spend an hour looking for them.;Negative
The cake I baked didn’t rise properly—looks like I’ll need to try again.;Negative
The grocery store was packed, and the lines were ridiculously long.;Negative
I stubbed my toe on the coffee table—ouch!;Negative
The new recipe I tried for dinner didn’t turn out as expected.;Negative
The meeting at work today dragged on forever—so unproductive.;Negative
My phone battery died right when I needed to make an important call.;Negative
The restaurant I went to had terrible service—not going back there.;Negative
The TV show I’ve been watching got canceled—such a letdown.;Negative
I got caught in the rain without an umbrella—ended up soaked.;Negative
The store didn’t have my size in the shoes I wanted—disappointing.;Negative
The delivery I was expecting didn’t arrive on time—now I have to wait.;Negative
My car wouldn’t start this morning—had to call for roadside assistance.;Negative
The public transportation was delayed, making me late for work.;Negative
I broke a glass while doing the dishes—such a hassle to clean up.;Negative
The coffee shop messed up my order, and I didn’t realize until I got home.;Negative
The event I was looking forward to got canceled last minute.;Negative
The weather was too cold to enjoy being outside today.;Negative
The new shoes I bought are uncomfortable—regretting the purchase.;Negative
I accidentally left my wallet at home and had to go back for it.;Negative
My internet connection was too slow to stream anything properly.;Negative
The neighbor’s dog barked all night—couldn’t get any sleep.;Negative
I spent the afternoon organizing my desk—it’s nice and tidy now.;Neutral
Had a bowl of cereal for breakfast—just my usual routine.;Neutral
The sky was mostly cloudy today, but it didn’t rain.;Neutral
I went to the post office to mail a package—just another errand.;Neutral
Spent some time cleaning the living room—it’s looking neat now.;Neutral
Watched a few episodes of a show I’m catching up on—nothing too exciting.;Neutral
Went for a walk around the neighborhood—it was quiet and peaceful.;Neutral
I took the trash out this morning, just part of the usual routine.;Neutral
The grocery store trip was pretty standard—got everything I needed.;Neutral
I listened to some music while doing chores—just to pass the time.;Neutral
Spent the evening reading a book—it was a relaxing way to wind down.;Neutral
The commute to work was uneventful—no major delays.;Neutral
Had a sandwich for lunch today—nothing special but it was fine.;Neutral
I organized some files on my computer this afternoon—just routine maintenance.;Neutral
Went through my emails this morning—nothing important, just the usual.;Neutral
The weather was mild today—not too hot, not too cold.;Neutral
Watched a rerun of an old show tonight—it was still enjoyable.;Neutral
I spent some time scrolling through social media—nothing much happened.;Neutral
The meeting at work was fairly routine—nothing new to discuss.;Neutral
I watered the plants this morning—they’re doing well.;Neutral
The local park was quiet today—just a few people walking their dogs.;Neutral
I spent some time tidying up the kitchen—now it’s nice and clean.;Neutral
Had a cup of tea this afternoon—just part of my daily routine.;Neutral
The grocery store was busy, but I got what I needed.;Neutral
Went for a drive around town—nothing particularly interesting happened.;Neutral
I checked my bank account today—just making sure everything is in order.;Neutral
Spent some time doing a crossword puzzle—just passing the time.;Neutral
The mail today was mostly bills and advertisements.;Neutral
I reorganized my bookshelf—now it’s a bit more orderly.;Neutral
The weather was overcast today, but it didn’t rain.;Neutral
Had a quick chat with my neighbor about the weather—just small talk.;Neutral
I made a cup of coffee this morning—just part of my routine.;Neutral
Watched the news tonight—nothing too surprising.;Neutral
I was really looking forward to a walk, but the rain ruined my plans.;Negative
Dropped my phone this morning, and now there’s a crack on the screen.;Negative
The coffee machine broke down just as I was about to make my first cup.;Negative
I accidentally overcooked dinner, and it didn’t taste good at all.;Negative
My favorite shirt shrunk in the wash—now it doesn’t fit anymore.;Negative
I woke up with a sore throat, and it’s been bothering me all day.;Negative
The Wi-Fi at home has been really spotty today—so frustrating.;Negative
The book I’ve been reading ended in a way that I didn’t like at all.;Negative
I missed the bus this morning, had to wait another half hour for the next one.;Negative
My car wouldn’t start this morning, had to call for help.;Negative
I took out the trash this morning, just part of the daily routine.;Neutral
Had a sandwich for lunch, nothing special but it filled me up.;Neutral
The weather was cloudy today, but it didn’t rain.;Neutral
Spent some time organizing my bookshelf, now everything is in its place.;Neutral
The grocery store was busy, but I got everything I needed.;Neutral
Watched a few episodes of a show I’m catching up on, it was alright.;Neutral
The mail today was mostly bills, just the usual.;Neutral
Went for a walk around the neighborhood, it was pretty quiet.;Neutral
Did a load of laundry this morning, just part of the weekly routine.;Neutral
I spent some time browsing online stores but didn’t buy anything.;Neutral